{
"document" : {
"pageListHeight" : 110,
"pageListCollapsed" : 0
},
"D825D82E-ABB4-439C-832C-24D06B152445" : {
"scrollOrigin" : "{517, 430}",
"zoomValue" : 0.01084418926818316
},
"9CD07F21-6241-4A03-AC70-B5F8BABC448D" : {
"scrollOrigin" : "{-3328, 41}",
"zoomValue" : 1.243018102403282
}
}